<?xml version="1.0" encoding="UTF-8"?>
<addon id="ldsscriptures" version="0.0.1" name="LDS Scriptures" provider-name="duckbrain">
	<requires></requires>
	<extension point="xbmc.python.pluginsource" library="lds.py">
		<provides>executable</provides>
	</extension>
	<extension point="xbmc.addon.metadata">
		<summary>LDS Scriptures</summary>
		<description>Provides access to all the scriptural content available through LDS.org</description>
		<platform>all</platform>
	</extension>
</addon>
